{
  "game": "diplomacy",
  "timestamp": "2026-03-12T04:58:24.298963",
  "model": "Qwen/Qwen3-14B",
  "agent_type": "qwen3_14b",
  "total_episodes": 1,
  "target_episodes": 1,
  "max_steps": null,
  "labeled": false,
  "elapsed_seconds": 900.6380093097687,
  "episode_stats": [
    {
      "game": "diplomacy",
      "steps": 20,
      "total_reward": 26.611111111111118,
      "terminated": false,
      "truncated": true,
      "model": "Qwen/Qwen3-14B",
      "agent_type": "qwen3_14b",
      "max_phases": 20,
      "final_sc_rewards": {
        "AUSTRIA": 0.16666666666666666,
        "ENGLAND": 0.2222222222222222,
        "FRANCE": 0.16666666666666666,
        "GERMANY": 0.2222222222222222,
        "ITALY": 0.16666666666666666,
        "RUSSIA": 0.2222222222222222,
        "TURKEY": 0.2222222222222222
      },
      "episode_index": 0
    }
  ],
  "mean_reward": 26.611111111111118,
  "mean_steps": 20.0,
  "max_reward": 26.611111111111118,
  "min_reward": 26.611111111111118
}